-- phpMyAdmin SQL Dump
-- version 5.2.0
-- https://www.phpmyadmin.net/
--
-- Host: 127.0.0.1
-- Generation Time: Apr 24, 2024 at 09:03 AM
-- Server version: 10.4.27-MariaDB
-- PHP Version: 8.1.12

SET SQL_MODE = "NO_AUTO_VALUE_ON_ZERO";
START TRANSACTION;
SET time_zone = "+00:00";


/*!40101 SET @OLD_CHARACTER_SET_CLIENT=@@CHARACTER_SET_CLIENT */;
/*!40101 SET @OLD_CHARACTER_SET_RESULTS=@@CHARACTER_SET_RESULTS */;
/*!40101 SET @OLD_COLLATION_CONNECTION=@@COLLATION_CONNECTION */;
/*!40101 SET NAMES utf8mb4 */;

--
-- Database: `gudang`
--

-- --------------------------------------------------------

--
-- Table structure for table `tbl_barang`
--

CREATE TABLE `tbl_barang` (
  `id_barang` varchar(5) NOT NULL,
  `nama_barang` varchar(100) NOT NULL,
  `jenis` int(11) NOT NULL,
  `stok_minimum` int(11) NOT NULL,
  `stok` int(11) NOT NULL DEFAULT 0,
  `satuan` int(11) NOT NULL,
  `harga` int(11) NOT NULL,
  `foto` varchar(100) DEFAULT NULL
) ENGINE=InnoDB DEFAULT CHARSET=latin1 COLLATE=latin1_swedish_ci;

--
-- Dumping data for table `tbl_barang`
--

INSERT INTO `tbl_barang` (`id_barang`, `nama_barang`, `jenis`, `stok_minimum`, `stok`, `satuan`, `harga`, `foto`) VALUES
('B0001', 'Yamalub', 1, 10, 1200, 2, 0, NULL),
('B0002', 'AHM OIL', 1, 5, 33, 2, 0, NULL),
('B0003', 'Iconic Plus', 1, 10, 23, 1, 0, NULL);

-- --------------------------------------------------------

--
-- Table structure for table `tbl_barang_keluar`
--

CREATE TABLE `tbl_barang_keluar` (
  `id_transaksi` varchar(10) NOT NULL,
  `tanggal` date NOT NULL,
  `barang` varchar(5) NOT NULL,
  `jumlah` int(11) DEFAULT NULL
) ENGINE=InnoDB DEFAULT CHARSET=latin1 COLLATE=latin1_swedish_ci;

--
-- Dumping data for table `tbl_barang_keluar`
--

INSERT INTO `tbl_barang_keluar` (`id_transaksi`, `tanggal`, `barang`, `jumlah`) VALUES
('TK-0000001', '2024-04-19', 'B0002', 12),
('TK-0000002', '2024-04-22', 'B0001', 10),
('TK-0000004', '2024-04-22', 'B0003', 100);

--
-- Triggers `tbl_barang_keluar`
--
DELIMITER $$
CREATE TRIGGER `hapus_stok_keluar` BEFORE DELETE ON `tbl_barang_keluar` FOR EACH ROW BEGIN
UPDATE tbl_barang SET stok=stok+OLD.jumlah
WHERE id_barang=OLD.barang;
END
$$
DELIMITER ;
DELIMITER $$
CREATE TRIGGER `stok_keluar` AFTER INSERT ON `tbl_barang_keluar` FOR EACH ROW BEGIN
UPDATE tbl_barang SET stok=stok-NEW.jumlah
WHERE id_barang=NEW.barang;
END
$$
DELIMITER ;

-- --------------------------------------------------------

--
-- Table structure for table `tbl_barang_masuk`
--

CREATE TABLE `tbl_barang_masuk` (
  `id_transaksi` varchar(10) NOT NULL,
  `tanggal` date NOT NULL,
  `barang` varchar(5) NOT NULL,
  `jumlah` int(11) DEFAULT NULL
) ENGINE=InnoDB DEFAULT CHARSET=latin1 COLLATE=latin1_swedish_ci;

--
-- Dumping data for table `tbl_barang_masuk`
--

INSERT INTO `tbl_barang_masuk` (`id_transaksi`, `tanggal`, `barang`, `jumlah`) VALUES
('', '1970-01-01', '', 10),
('TM-0000001', '2024-04-15', 'B0001', 10),
('TM-0000003', '2024-04-16', 'B0002', 20),
('TM-0000005', '2024-04-16', 'B0002', 20),
('TM-0000006', '2024-04-16', 'B0001', 100),
('TM-0000007', '2024-04-16', 'B0001', 1000),
('TM-0000008', '2024-04-22', 'B0001', 100),
('TM-0000009', '2024-04-22', 'B0003', 123),
('TM-0000010', '2024-04-22', 'B0002', 2),
('TM-0000011', '2024-04-22', 'B0002', 3);

--
-- Triggers `tbl_barang_masuk`
--
DELIMITER $$
CREATE TRIGGER `hapus_stok_masuk` BEFORE DELETE ON `tbl_barang_masuk` FOR EACH ROW BEGIN
UPDATE tbl_barang SET stok=stok-OLD.jumlah
WHERE id_barang=OLD.barang;
END
$$
DELIMITER ;
DELIMITER $$
CREATE TRIGGER `stok_masuk` AFTER INSERT ON `tbl_barang_masuk` FOR EACH ROW BEGIN
UPDATE tbl_barang SET stok=stok+NEW.jumlah
WHERE id_barang=NEW.barang;
END
$$
DELIMITER ;

-- --------------------------------------------------------

--
-- Table structure for table `tbl_detail_invoice`
--

CREATE TABLE `tbl_detail_invoice` (
  `id_invoice` int(11) NOT NULL,
  `kode_barang` varchar(50) NOT NULL,
  `barang` int(11) NOT NULL,
  `harga_satuan` int(11) NOT NULL,
  `qty` int(11) NOT NULL
) ENGINE=InnoDB DEFAULT CHARSET=utf8mb4 COLLATE=utf8mb4_general_ci;

-- --------------------------------------------------------

--
-- Table structure for table `tbl_invoice`
--

CREATE TABLE `tbl_invoice` (
  `id_invoice` int(10) NOT NULL,
  `tgl_faktur` date NOT NULL,
  `tgl_jatuh_tempo` date NOT NULL,
  `no_po` varchar(50) NOT NULL,
  `no_faktur` varchar(50) NOT NULL,
  `kepada_yth` varchar(50) NOT NULL
) ENGINE=InnoDB DEFAULT CHARSET=utf8mb4 COLLATE=utf8mb4_general_ci;

-- --------------------------------------------------------

--
-- Table structure for table `tbl_satuan`
--

CREATE TABLE `tbl_satuan` (
  `id_satuan` int(11) NOT NULL,
  `nama_satuan` varchar(30) NOT NULL
) ENGINE=InnoDB DEFAULT CHARSET=latin1 COLLATE=latin1_swedish_ci;

--
-- Dumping data for table `tbl_satuan`
--

INSERT INTO `tbl_satuan` (`id_satuan`, `nama_satuan`) VALUES
(1, 'IBC'),
(2, 'Drum'),
(3, 'Pail');

-- --------------------------------------------------------

--
-- Table structure for table `tbl_user`
--

CREATE TABLE `tbl_user` (
  `id_user` int(11) NOT NULL,
  `nama_user` varchar(30) NOT NULL,
  `username` varchar(30) NOT NULL,
  `password` varchar(255) NOT NULL,
  `hak_akses` enum('Administrator','Admin Gudang','Kepala Gudang') NOT NULL
) ENGINE=InnoDB DEFAULT CHARSET=latin1 COLLATE=latin1_swedish_ci;

--
-- Dumping data for table `tbl_user`
--

INSERT INTO `tbl_user` (`id_user`, `nama_user`, `username`, `password`, `hak_akses`) VALUES
(1, 'Admin', 'administrator', '$2y$12$Yi/I5f1jPoQNQnh6lWoVfuz.RtZ3OHcKN6PU.I62P0fYK1tJ7xMRi', 'Administrator'),
(2, 'Admin Gudang', 'admin gudang', '$2y$12$BeRYh13zfPXej97VgcfeNucYJGTElha5sRyIUQm1278D2u2Aqf6DS', 'Admin Gudang');

--
-- Indexes for dumped tables
--

--
-- Indexes for table `tbl_barang`
--
ALTER TABLE `tbl_barang`
  ADD PRIMARY KEY (`id_barang`);

--
-- Indexes for table `tbl_barang_keluar`
--
ALTER TABLE `tbl_barang_keluar`
  ADD PRIMARY KEY (`id_transaksi`);

--
-- Indexes for table `tbl_barang_masuk`
--
ALTER TABLE `tbl_barang_masuk`
  ADD PRIMARY KEY (`id_transaksi`);

--
-- Indexes for table `tbl_detail_invoice`
--
ALTER TABLE `tbl_detail_invoice`
  ADD PRIMARY KEY (`id_invoice`);

--
-- Indexes for table `tbl_invoice`
--
ALTER TABLE `tbl_invoice`
  ADD PRIMARY KEY (`id_invoice`);

--
-- Indexes for table `tbl_satuan`
--
ALTER TABLE `tbl_satuan`
  ADD PRIMARY KEY (`id_satuan`);

--
-- Indexes for table `tbl_user`
--
ALTER TABLE `tbl_user`
  ADD PRIMARY KEY (`id_user`);

--
-- AUTO_INCREMENT for dumped tables
--

--
-- AUTO_INCREMENT for table `tbl_detail_invoice`
--
ALTER TABLE `tbl_detail_invoice`
  MODIFY `id_invoice` int(11) NOT NULL AUTO_INCREMENT;

--
-- AUTO_INCREMENT for table `tbl_invoice`
--
ALTER TABLE `tbl_invoice`
  MODIFY `id_invoice` int(10) NOT NULL AUTO_INCREMENT;

--
-- AUTO_INCREMENT for table `tbl_satuan`
--
ALTER TABLE `tbl_satuan`
  MODIFY `id_satuan` int(11) NOT NULL AUTO_INCREMENT, AUTO_INCREMENT=4;

--
-- AUTO_INCREMENT for table `tbl_user`
--
ALTER TABLE `tbl_user`
  MODIFY `id_user` int(11) NOT NULL AUTO_INCREMENT, AUTO_INCREMENT=4;
COMMIT;

/*!40101 SET CHARACTER_SET_CLIENT=@OLD_CHARACTER_SET_CLIENT */;
/*!40101 SET CHARACTER_SET_RESULTS=@OLD_CHARACTER_SET_RESULTS */;
/*!40101 SET COLLATION_CONNECTION=@OLD_COLLATION_CONNECTION */;
